{
  "id": "3997886",
  "name": "fonts",
  "font_family": "iconfont",
  "css_prefix_text": "icon-",
  "description": "",
  "glyphs": [
    {
      "icon_id": "18267933",
      "name": "卖家购物车",
      "font_class": "maijiagouwuche",
      "unicode": "e992",
      "unicode_decimal": 59794
    },
    {
      "icon_id": "7549348",
      "name": "搜索",
      "font_class": "RectangleCopy",
      "unicode": "e6a2",
      "unicode_decimal": 59042
    },
    {
      "icon_id": "7549370",
      "name": "目标",
      "font_class": "RectangleCopy1",
      "unicode": "e6a6",
      "unicode_decimal": 59046
    },
    {
      "icon_id": "7549823",
      "name": "价格",
      "font_class": "RectangleCopy2",
      "unicode": "e6a8",
      "unicode_decimal": 59048
    },
    {
      "icon_id": "15838424",
      "name": "add",
      "font_class": "add",
      "unicode": "e664",
      "unicode_decimal": 58980
    },
    {
      "icon_id": "15838429",
      "name": "arrow-down",
      "font_class": "arrow-down",
      "unicode": "e665",
      "unicode_decimal": 58981
    },
    {
      "icon_id": "15838431",
      "name": "arrow-right",
      "font_class": "arrow-right",
      "unicode": "e666",
      "unicode_decimal": 58982
    },
    {
      "icon_id": "33986995",
      "name": "安全保障",
      "font_class": "anquanbaozhang",
      "unicode": "e61d",
      "unicode_decimal": 58909
    },
    {
      "icon_id": "33986996",
      "name": "消息-置灰",
      "font_class": "xiaoxi-zhihui",
      "unicode": "e61e",
      "unicode_decimal": 58910
    },
    {
      "icon_id": "33986997",
      "name": "喜欢",
      "font_class": "xihuan",
      "unicode": "e61f",
      "unicode_decimal": 58911
    },
    {
      "icon_id": "33986998",
      "name": "更多",
      "font_class": "gengduo",
      "unicode": "e620",
      "unicode_decimal": 58912
    },
    {
      "icon_id": "33986999",
      "name": "首页-置灰",
      "font_class": "shouye-zhihui",
      "unicode": "e621",
      "unicode_decimal": 58913
    },
    {
      "icon_id": "33987000",
      "name": "个人中心-置灰",
      "font_class": "gerenzhongxin-zhihui",
      "unicode": "e622",
      "unicode_decimal": 58914
    },
    {
      "icon_id": "33987002",
      "name": "返回",
      "font_class": "fanhui",
      "unicode": "e623",
      "unicode_decimal": 58915
    },
    {
      "icon_id": "33987005",
      "name": "开通服务",
      "font_class": "kaitongfuwu",
      "unicode": "e624",
      "unicode_decimal": 58916
    },
    {
      "icon_id": "33987008",
      "name": "关注-置灰",
      "font_class": "guanzhu-zhihui",
      "unicode": "e625",
      "unicode_decimal": 58917
    },
    {
      "icon_id": "33987010",
      "name": "定位 2",
      "font_class": "a-dingwei2",
      "unicode": "e626",
      "unicode_decimal": 58918
    },
    {
      "icon_id": "33987012",
      "name": "验资完成",
      "font_class": "yanziwancheng",
      "unicode": "e627",
      "unicode_decimal": 58919
    },
    {
      "icon_id": "33987013",
      "name": "关闭",
      "font_class": "guanbi",
      "unicode": "e628",
      "unicode_decimal": 58920
    },
    {
      "icon_id": "33987017",
      "name": "定位",
      "font_class": "dingwei",
      "unicode": "e629",
      "unicode_decimal": 58921
    },
    {
      "icon_id": "33987020",
      "name": "分享 2",
      "font_class": "a-fenxiang2",
      "unicode": "e62a",
      "unicode_decimal": 58922
    },
    {
      "icon_id": "33997762",
      "name": "空中花园",
      "font_class": "kongzhonghuayuan",
      "unicode": "e62b",
      "unicode_decimal": 58923
    },
    {
      "icon_id": "33997781",
      "name": "便利店",
      "font_class": "bianlidian",
      "unicode": "e62c",
      "unicode_decimal": 58924
    }
  ]
}
