{
  "id": "",
  "name": "",
  "font_family": "iconfont",
  "css_prefix_text": "icon-",
  "description": "",
  "glyphs": [
    {
      "icon_id": "338936",
      "name": "星星",
      "font_class": "xingxing",
      "unicode": "e62b",
      "unicode_decimal": 58923
    },
    {
      "icon_id": "6337455",
      "name": "点赞",
      "font_class": "dianzan",
      "unicode": "ec7f",
      "unicode_decimal": 60543
    },
    {
      "icon_id": "9842318",
      "name": "星星",
      "font_class": "xingxing1",
      "unicode": "e624",
      "unicode_decimal": 58916
    }
  ]
}
